date,station,value,synthetic
2025-01-01,station-a,,true
2025-01-02,station-a,12.75,true
2025-01-03,station-a,13.5,true
2025-01-04,station-a,14.25,true
2025-01-05,station-a,15.0,true
2025-01-06,station-a,15.75,true
2025-01-07,station-a,16.5,true
2025-01-10,station-a,,true
2025-01-11,station-a,19.5,true
2025-01-12,station-a,20.25,true
2025-01-13,station-a,21.0,true
2025-01-14,station-a,12.0,true
2025-01-15,station-a,12.75,true
2025-01-16,station-a,13.5,true
2025-01-17,station-a,14.25,true
2025-01-18,station-a,15.0,true
2025-01-19,station-a,,true
2025-01-20,station-a,16.5,true
2025-01-21,station-a,17.25,true
2025-01-22,station-a,18.0,true
2025-01-23,station-a,18.75,true
2025-01-24,station-a,19.5,true
2025-01-25,station-a,20.25,true
2025-01-26,station-a,21.0,true
2025-01-27,station-a,12.0,true
2025-01-28,station-a,,true
2025-01-29,station-a,13.5,true
2025-01-30,station-a,14.25,true
2025-01-31,station-a,15.0,true
2025-02-02,station-a,16.5,true
2025-02-03,station-a,17.25,true
2025-02-04,station-a,18.0,true
2025-02-05,station-a,18.75,true
2025-02-06,station-a,,true
2025-02-07,station-a,20.25,true
2025-02-08,station-a,21.0,true
2025-02-09,station-a,12.0,true
2025-02-10,station-a,12.75,true
2025-02-11,station-a,13.5,true
2025-02-12,station-a,14.25,true
2025-02-13,station-a,15.0,true
2025-02-14,station-a,15.75,true
2025-02-16,station-a,17.25,true
2025-02-17,station-a,18.0,true
2025-02-18,station-a,18.75,true
2025-02-19,station-a,19.5,true
2025-02-20,station-a,20.25,true
2025-02-21,station-a,21.0,true
2025-02-22,station-a,12.0,true
2025-02-23,station-a,12.75,true
2025-02-24,station-a,,true
2025-02-25,station-a,14.25,true
2025-02-26,station-a,15.0,true
2025-02-27,station-a,15.75,true
2025-02-28,station-a,16.5,true
2025-03-01,station-a,17.25,true
