order_id,created_at,amount_cents,currency,status,note,synthetic
order-000,2025-01-01T12:00:00Z,0,USD,paid,,true
order-001,2025-01-02T12:00:00Z,1299,USD,refunded,"Two items, one parcel",true
order-002,2025-01-03T12:00:00Z,2500,USD,pending,"Gift: ""thank you""",true
order-003,2025-01-04T12:00:00Z,4999,USD,paid,"Line one
Line two",true
order-004,2025-01-05T12:00:00Z,10000,USD,refunded,Café order,true
order-005,2025-01-06T12:00:00Z,0,USD,pending,"Two items, one parcel",true
order-006,2025-01-07T12:00:00Z,1299,USD,paid,"Gift: ""thank you""",true
order-007,2025-01-08T12:00:00Z,2500,USD,refunded,,true
order-008,2025-01-09T12:00:00Z,4999,USD,pending,Café order,true
order-009,2025-01-10T12:00:00Z,10000,USD,paid,"Two items, one parcel",true
order-010,2025-01-11T12:00:00Z,0,USD,refunded,"Gift: ""thank you""",true
order-011,2025-01-12T12:00:00Z,1299,USD,pending,"Line one
Line two",true
order-012,2025-01-13T12:00:00Z,2500,USD,paid,Café order,true
order-013,2025-01-14T12:00:00Z,4999,USD,refunded,"Two items, one parcel",true
order-014,2025-01-15T12:00:00Z,10000,USD,pending,,true
order-015,2025-01-16T12:00:00Z,0,USD,paid,"Line one
Line two",true
order-016,2025-01-17T12:00:00Z,1299,USD,refunded,Café order,true
order-017,2025-01-18T12:00:00Z,2500,USD,pending,"Two items, one parcel",true
order-018,2025-01-19T12:00:00Z,4999,USD,paid,"Gift: ""thank you""",true
order-019,2025-01-20T12:00:00Z,10000,USD,refunded,"Line one
Line two",true
order-020,2025-01-21T12:00:00Z,0,USD,pending,Café order,true
order-021,2025-01-22T12:00:00Z,1299,USD,paid,,true
order-022,2025-01-23T12:00:00Z,2500,USD,refunded,"Gift: ""thank you""",true
order-023,2025-01-24T12:00:00Z,4999,USD,pending,"Line one
Line two",true
order-024,2025-01-25T12:00:00Z,10000,USD,paid,Café order,true
order-025,2025-01-26T12:00:00Z,0,USD,refunded,"Two items, one parcel",true
order-026,2025-01-27T12:00:00Z,1299,USD,pending,"Gift: ""thank you""",true
order-027,2025-01-28T12:00:00Z,2500,USD,paid,"Line one
Line two",true
order-028,2025-01-01T12:00:00Z,4999,USD,refunded,,true
order-029,2025-01-02T12:00:00Z,10000,USD,pending,"Two items, one parcel",true
order-030,2025-01-03T12:00:00Z,0,USD,paid,"Gift: ""thank you""",true
order-031,2025-01-04T12:00:00Z,1299,USD,refunded,"Line one
Line two",true
order-032,2025-01-05T12:00:00Z,2500,USD,pending,Café order,true
order-033,2025-01-06T12:00:00Z,4999,USD,paid,"Two items, one parcel",true
order-034,2025-01-07T12:00:00Z,10000,USD,refunded,"Gift: ""thank you""",true
order-035,2025-01-08T12:00:00Z,0,USD,pending,,true
order-036,2025-01-09T12:00:00Z,1299,USD,paid,Café order,true
order-037,2025-01-10T12:00:00Z,2500,USD,refunded,"Two items, one parcel",true
order-038,2025-01-11T12:00:00Z,4999,USD,pending,"Gift: ""thank you""",true
order-039,2025-01-12T12:00:00Z,10000,USD,paid,"Line one
Line two",true
order-040,2025-01-13T12:00:00Z,0,USD,refunded,Café order,true
order-041,2025-01-14T12:00:00Z,1299,USD,pending,"Two items, one parcel",true
order-042,2025-01-15T12:00:00Z,2500,USD,paid,,true
order-043,2025-01-16T12:00:00Z,4999,USD,refunded,"Line one
Line two",true
order-044,2025-01-17T12:00:00Z,10000,USD,pending,Café order,true
order-045,2025-01-18T12:00:00Z,0,USD,paid,"Two items, one parcel",true
order-046,2025-01-19T12:00:00Z,1299,USD,refunded,"Gift: ""thank you""",true
order-047,2025-01-20T12:00:00Z,2500,USD,pending,"Line one
Line two",true
