date,value,unit,synthetic
2026-01-01,248.4,MW,true
2026-01-02,250.21,MW,true
2026-01-03,251.14,MW,true
2026-01-04,251.331,MW,true
2026-01-05,251.004,MW,true
2026-01-06,250.434,MW,true
2026-01-07,249.921,MW,true
2026-01-08,249.756,MW,true
2026-01-09,250.186,MW,true
2026-01-10,251.391,MW,true
2026-01-11,253.456,MW,true
2026-01-12,256.368,MW,true
2026-01-13,260.016,MW,true
2026-01-14,264.197,MW,true
2026-01-15,268.644,MW,true
2026-01-16,273.054,MW,true
2026-01-17,277.116,MW,true
2026-01-18,280.551,MW,true
2026-01-19,283.139,MW,true
2026-01-20,284.741,MW,true
2026-01-21,285.319,MW,true
2026-01-22,284.936,MW,true
2026-01-23,283.748,MW,true
2026-01-24,281.991,MW,true
2026-01-25,279.95,MW,true
2026-01-26,277.929,MW,true
2026-01-27,276.219,MW,true
2026-01-28,275.063,MW,true
2026-01-29,274.632,MW,true
2026-01-30,275.002,MW,true
2026-01-31,276.15,MW,true
2026-02-01,277.955,MW,true
2026-02-02,280.209,MW,true
2026-02-03,282.643,MW,true
2026-02-04,284.955,MW,true
2026-02-05,286.843,MW,true
2026-02-06,288.041,MW,true
2026-02-07,288.346,MW,true
2026-02-08,287.639,MW,true
2026-02-09,285.904,MW,true
2026-02-10,283.224,MW,true
2026-02-11,279.774,MW,true
2026-02-12,275.806,MW,true
2026-02-13,271.616,MW,true
2026-02-14,267.513,MW,true
2026-02-15,263.79,MW,true
2026-02-16,260.686,MW,true
2026-02-17,258.363,MW,true
2026-02-18,256.89,MW,true
2026-02-19,256.234,MW,true
2026-02-20,256.263,MW,true
2026-02-21,256.766,MW,true
2026-02-22,257.47,MW,true
2026-02-23,258.076,MW,true
2026-02-24,258.292,MW,true
2026-02-25,257.862,MW,true
2026-02-26,256.598,MW,true
2026-02-27,254.402,MW,true
2026-02-28,251.274,MW,true
2026-03-01,247.317,MW,true
2026-03-02,242.724,MW,true
2026-03-03,237.754,MW,true
2026-03-04,232.713,MW,true
2026-03-05,227.912,MW,true
2026-03-06,223.638,MW,true
2026-03-07,220.122,MW,true
2026-03-08,217.516,MW,true
2026-03-09,215.874,MW,true
2026-03-10,215.148,MW,true
2026-03-11,215.194,MW,true
2026-03-12,215.789,MW,true
2026-03-13,216.655,MW,true
2026-03-14,217.492,MW,true
2026-03-15,218.009,MW,true
2026-03-16,217.958,MW,true
2026-03-17,217.163,MW,true
2026-03-18,215.538,MW,true
2026-03-19,213.097,MW,true
2026-03-20,209.954,MW,true
2026-03-21,206.312,MW,true
2026-03-22,202.437,MW,true
2026-03-23,198.632,MW,true
2026-03-24,195.206,MW,true
2026-03-25,192.434,MW,true
2026-03-26,190.535,MW,true
2026-03-27,189.64,MW,true
2026-03-28,189.784,MW,true
2026-03-29,190.9,MW,true
2026-03-30,192.827,MW,true
2026-03-31,195.326,MW,true
2026-04-01,198.109,MW,true
2026-04-02,200.868,MW,true
2026-04-03,203.313,MW,true
2026-04-04,205.2,MW,true
2026-04-05,206.359,MW,true
2026-04-06,206.712,MW,true
2026-04-07,206.284,MW,true
2026-04-08,205.198,MW,true
2026-04-09,203.659,MW,true
2026-04-10,201.938,MW,true
2026-04-11,200.335,MW,true
2026-04-12,199.147,MW,true
2026-04-13,198.64,MW,true
2026-04-14,199.011,MW,true
2026-04-15,200.376,MW,true
2026-04-16,202.746,MW,true
2026-04-17,206.034,MW,true
2026-04-18,210.059,MW,true
2026-04-19,214.569,MW,true
2026-04-20,219.265,MW,true
2026-04-21,223.834,MW,true
2026-04-22,227.987,MW,true
2026-04-23,231.482,MW,true
2026-04-24,234.159,MW,true
2026-04-25,235.952,MW,true
2026-04-26,236.895,MW,true
2026-04-27,237.12,MW,true
2026-04-28,236.841,MW,true
2026-04-29,236.331,MW,true
2026-04-30,235.889,MW,true
2026-05-01,235.806,MW,true
2026-05-02,236.336,MW,true
2026-05-03,237.664,MW,true
2026-05-04,239.886,MW,true
2026-05-05,242.999,MW,true
2026-05-06,246.898,MW,true
2026-05-07,251.388,MW,true
2026-05-08,256.208,MW,true
2026-05-09,261.053,MW,true
2026-05-10,265.612,MW,true
2026-05-11,269.6,MW,true
2026-05-12,272.788,MW,true
2026-05-13,275.028,MW,true
2026-05-14,276.27,MW,true
2026-05-15,276.564,MW,true
2026-05-16,276.059,MW,true
2026-05-17,274.981,MW,true
2026-05-18,273.609,MW,true
2026-05-19,272.247,MW,true
2026-05-20,271.184,MW,true
2026-05-21,270.669,MW,true
2026-05-22,270.879,MW,true
2026-05-23,271.897,MW,true
2026-05-24,273.709,MW,true
2026-05-25,276.199,MW,true
2026-05-26,279.166,MW,true
2026-05-27,282.344,MW,true
2026-05-28,285.429,MW,true
2026-05-29,288.117,MW,true
2026-05-30,290.135,MW,true
2026-05-31,291.27,MW,true
2026-06-01,291.392,MW,true
2026-06-02,290.473,MW,true
2026-06-03,288.585,MW,true
2026-06-04,285.892,MW,true
2026-06-05,282.638,MW,true
2026-06-06,279.114,MW,true
2026-06-07,275.628,MW,true
2026-06-08,272.474,MW,true
2026-06-09,269.895,MW,true
2026-06-10,268.061,MW,true
2026-06-11,267.048,MW,true
2026-06-12,266.832,MW,true
2026-06-13,267.289,MW,true
2026-06-14,268.212,MW,true
2026-06-15,269.333,MW,true
2026-06-16,270.353,MW,true
2026-06-17,270.975,MW,true
2026-06-18,270.938,MW,true
2026-06-19,270.047,MW,true
2026-06-20,268.191,MW,true
2026-06-21,265.362,MW,true
2026-06-22,261.652,MW,true
2026-06-23,257.244,MW,true
2026-06-24,252.394,MW,true
2026-06-25,247.402,MW,true
2026-06-26,242.581,MW,true
2026-06-27,238.222,MW,true
2026-06-28,234.563,MW,true
2026-06-29,231.763,MW,true
2026-06-30,229.888,MW,true
2026-07-01,228.899,MW,true
2026-07-02,228.662,MW,true
2026-07-03,228.962,MW,true
2026-07-04,229.524,MW,true
2026-07-05,230.051,MW,true
2026-07-06,230.25,MW,true
2026-07-07,229.868,MW,true
2026-07-08,228.723,MW,true
2026-07-09,226.719,MW,true
2026-07-10,223.864,MW,true
2026-07-11,220.263,MW,true
2026-07-12,216.111,MW,true
2026-07-13,211.673,MW,true
2026-07-14,207.25,MW,true
2026-07-15,203.154,MW,true
2026-07-16,199.666,MW,true
2026-07-17,197.013,MW,true
2026-07-18,195.339,MW,true
2026-07-19,194.689,MW,true
2026-07-20,195.009,MW,true
2026-07-21,196.146,MW,true
2026-07-22,197.872,MW,true
2026-07-23,199.903,MW,true
2026-07-24,201.935,MW,true
2026-07-25,203.676,MW,true
2026-07-26,204.877,MW,true
2026-07-27,205.364,MW,true
2026-07-28,205.051,MW,true
2026-07-29,203.954,MW,true
2026-07-30,202.19,MW,true
2026-07-31,199.96,MW,true
2026-08-01,197.529,MW,true
2026-08-02,195.198,MW,true
2026-08-03,193.271,MW,true
2026-08-04,192.016,MW,true
2026-08-05,191.643,MW,true
2026-08-06,192.276,MW,true
2026-08-07,193.94,MW,true
2026-08-08,196.559,MW,true
2026-08-09,199.961,MW,true
2026-08-10,203.902,MW,true
2026-08-11,208.087,MW,true
2026-08-12,212.206,MW,true
2026-08-13,215.965,MW,true
2026-08-14,219.119,MW,true
2026-08-15,221.5,MW,true
2026-08-16,223.034,MW,true
2026-08-17,223.744,MW,true
2026-08-18,223.757,MW,true
2026-08-19,223.28,MW,true
2026-08-20,222.58,MW,true
2026-08-21,221.957,MW,true
2026-08-22,221.705,MW,true
2026-08-23,222.082,MW,true
2026-08-24,223.283,MW,true
2026-08-25,225.412,MW,true
2026-08-26,228.476,MW,true
2026-08-27,232.379,MW,true
2026-08-28,236.935,MW,true
2026-08-29,241.888,MW,true
2026-08-30,246.934,MW,true
2026-08-31,251.763,MW,true
2026-09-01,256.082,MW,true
2026-09-02,259.658,MW,true
2026-09-03,262.331,MW,true
2026-09-04,264.041,MW,true
2026-09-05,264.829,MW,true
2026-09-06,264.831,MW,true
2026-09-07,264.266,MW,true
2026-09-08,263.409,MW,true
2026-09-09,262.56,MW,true
2026-09-10,262.012,MW,true
2026-09-11,262.016,MW,true
2026-09-12,262.754,MW,true
2026-09-13,264.32,MW,true
2026-09-14,266.706,MW,true
2026-09-15,269.804,MW,true
2026-09-16,273.419,MW,true
2026-09-17,277.288,MW,true
2026-09-18,281.107,MW,true
2026-09-19,284.57,MW,true
2026-09-20,287.396,MW,true
2026-09-21,289.363,MW,true
2026-09-22,290.331,MW,true
2026-09-23,290.26,MW,true
2026-09-24,289.208,MW,true
2026-09-25,287.331,MW,true
2026-09-26,284.864,MW,true
2026-09-27,282.091,MW,true
2026-09-28,279.32,MW,true
2026-09-29,276.844,MW,true
2026-09-30,274.911,MW,true
2026-10-01,273.697,MW,true
2026-10-02,273.287,MW,true
2026-10-03,273.662,MW,true
2026-10-04,274.708,MW,true
2026-10-05,276.222,MW,true
2026-10-06,277.94,MW,true
2026-10-07,279.562,MW,true
2026-10-08,280.788,MW,true
2026-10-09,281.352,MW,true
2026-10-10,281.047,MW,true
2026-10-11,279.754,MW,true
2026-10-12,277.454,MW,true
2026-10-13,274.226,MW,true
2026-10-14,270.245,MW,true
2026-10-15,265.76,MW,true
2026-10-16,261.067,MW,true
2026-10-17,256.478,MW,true
2026-10-18,252.288,MW,true
2026-10-19,248.74,MW,true
2026-10-20,246.001,MW,true
2026-10-21,244.146,MW,true
2026-10-22,243.147,MW,true
2026-10-23,242.877,MW,true
2026-10-24,243.128,MW,true
2026-10-25,243.631,MW,true
2026-10-26,244.088,MW,true
2026-10-27,244.206,MW,true
2026-10-28,243.726,MW,true
2026-10-29,242.459,MW,true
2026-10-30,240.301,MW,true
2026-10-31,237.249,MW,true
2026-11-01,233.401,MW,true
2026-11-02,228.944,MW,true
2026-11-03,224.138,MW,true
2026-11-04,219.284,MW,true
2026-11-05,214.695,MW,true
2026-11-06,210.658,MW,true
2026-11-07,207.408,MW,true
2026-11-08,205.098,MW,true
2026-11-09,203.786,MW,true
2026-11-10,203.428,MW,true
2026-11-11,203.883,MW,true
2026-11-12,204.93,MW,true
2026-11-13,206.29,MW,true
2026-11-14,207.664,MW,true
2026-11-15,208.756,MW,true
2026-11-16,209.316,MW,true
2026-11-17,209.162,MW,true
2026-11-18,208.202,MW,true
2026-11-19,206.444,MW,true
2026-11-20,203.996,MW,true
2026-11-21,201.054,MW,true
2026-11-22,197.882,MW,true
2026-11-23,194.78,MW,true
2026-11-24,192.054,MW,true
2026-11-25,189.98,MW,true
2026-11-26,188.778,MW,true
2026-11-27,188.582,MW,true
2026-11-28,189.428,MW,true
2026-11-29,191.253,MW,true
2026-11-30,193.896,MW,true
2026-12-01,197.119,MW,true
2026-12-02,200.634,MW,true
2026-12-03,204.133,MW,true
2026-12-04,207.319,MW,true
2026-12-05,209.945,MW,true
2026-12-06,211.836,MW,true
2026-12-07,212.907,MW,true
2026-12-08,213.177,MW,true
2026-12-09,212.761,MW,true
2026-12-10,211.863,MW,true
2026-12-11,210.746,MW,true
2026-12-12,209.709,MW,true
2026-12-13,209.05,MW,true
2026-12-14,209.033,MW,true
2026-12-15,209.859,MW,true
2026-12-16,211.645,MW,true
2026-12-17,214.407,MW,true
2026-12-18,218.06,MW,true
2026-12-19,222.426,MW,true
2026-12-20,227.254,MW,true
2026-12-21,232.246,MW,true
2026-12-22,237.09,MW,true
2026-12-23,241.49,MW,true
2026-12-24,245.205,MW,true
2026-12-25,248.069,MW,true
2026-12-26,250.01,MW,true
2026-12-27,251.058,MW,true
2026-12-28,251.342,MW,true
2026-12-29,251.072,MW,true
2026-12-30,250.518,MW,true
2026-12-31,249.979,MW,true
